<?xml version='1.0' encoding='UTF-8'?>  
<!DOCTYPE hibernate-configuration PUBLIC  
          "-//Hibernate/Hibernate Configuration DTD 5.3//EN"  
          "http://www.hibernate.org/dtd/hibernate-configuration-5.3.dtd">

<hibernate-configuration>

	<session-factory>
		<property name="hbm2ddl.auto">update</property>
		<property name="dialect">org.hibernate.dialect.PostgreSQLDialect</property>
		<property name="connection.url">jdbc:postgresql://localhost:5432/restperson</property>
		<property name="connection.username">postgres</property>
		<property name="connection.password">1104</property>
		<property name="connection.driver_class">org.postgresql.Driver</property>
	</session-factory>

</hibernate-configuration>  